{
	"info": {
		"_postman_id": "69e986d8-a21a-4b15-a049-6d70e0ee071f",
		"name": "NumRot Pagos API",
		"description": "Con el api de NumRot Pagos podras pagar documentos y consultar el estado de tus pagos.",
		"schema": "https://schema.getpostman.com/json/collection/v2.1.0/collection.json",
		"_exporter_id": "19025412",
		"_collection_link": "https://galactic-robot-945496.postman.co/workspace/NRPagos~f904ba0e-6975-42ef-adbd-e4ae2c6e61bb/collection/19025412-69e986d8-a21a-4b15-a049-6d70e0ee071f?action=share&source=collection_link&creator=19025412"
	},
	"item": [
		{
			"name": "Pruebas",
			"item": [
				{
					"name": "Autenticarse",
					"request": {
						"method": "POST",
						"header": [],
						"body": {
							"mode": "raw",
							"raw": "{\r\n    \"Username\": \"DiabonosPrueba\",\r\n    \"Password\": \"\"\r\n}",
							"options": {
								"raw": {
									"language": "json"
								}
							}
						},
						"url": {
							"raw": "http://numrot3.net:8081/api/numrotpagos/login",
							"protocol": "http",
							"host": [
								"numrot3",
								"net"
							],
							"port": "8081",
							"path": [
								"api",
								"numrotpagos",
								"login"
							]
						},
						"description": "El primer llamado que debe realizar a nuestra api es para autenticarse y recibir un token de acceso.\n\nEste token lo podrá usar para consumir los demás recursos del api y tiene un tiempo de expiración de 60 minutos."
					},
					"response": []
				},
				{
					"name": "IniciarProcesoPago",
					"request": {
						"auth": {
							"type": "bearer",
							"bearer": [
								{
									"key": "token",
									"value": "eyJhbGciOiJIUzI1NiIsInR5cCI6IkpXVCJ9.eyJ1bmlxdWVfbmFtZSI6IkRpYWJvbm9zUHJ1ZWJhIiwicm9sZSI6IkNsaWVudGUiLCJuYmYiOjE3MjQzNTk3MzcsImV4cCI6MTcyNDM2MzMzNywiaWF0IjoxNzI0MzU5NzM3LCJpc3MiOiJOclBhZ29zIiwiYXVkIjoiTnJQYWdvc0NsaWVudGVzIn0.abj4WDuutAR53y5l13wtOOx70-_mc8IXCjxNEhW-pLI",
									"type": "string"
								}
							]
						},
						"method": "POST",
						"header": [],
						"body": {
							"mode": "raw",
							"raw": "{\r\n    \"IdEmpresa\": \"DiabonosPrueba\",\r\n    \"Descripcion\": \"Pago de los documentos: FEQ83x\",\r\n    \"PagoTS\": null,\r\n    \"FormaPago\": null,\r\n    \"ValorTotal\": 228256.0,\r\n    \"ValorIva\": null,\r\n    \"Moneda\": \"COP\",\r\n    \"TicketId\": null,\r\n    \"IdCliente\": \"1152713763\",\r\n    \"ClienteTipoId\": null,\r\n    \"ClienteNombre\": null,\r\n    \"ClienteApellido\": \"Perez\",\r\n    \"ClienteTelefono\": \"3187658909\",\r\n    \"ClienteCorreo\": \"nrw@numrot.com\",\r\n    \"Franquicia\": null,\r\n    \"CodigoAprobacion\": null,\r\n    \"CodigoServicio\": null,\r\n    \"CodigoBanco\": null,\r\n    \"NombreBanco\": null,\r\n    \"CodigoTransaccion\": null,\r\n    \"CicloTransaccion\": null,\r\n    \"EstadoPagoCodigo\": null,\r\n    \"EstadoPagoTexto\": null,\r\n    \"ClienteDireccion\": null,\r\n    \"ClienteCiudad\": null,\r\n    \"ClienteDepartamento\": null,\r\n    \"ClientePais\": null,\r\n    \"ClienteMovil\": null,\r\n    \"ValorBaseDevolucion\": null,\r\n    \"Referencia01\": null,\r\n    \"Referencia02\": null,\r\n    \"Referencia03\": null,\r\n    \"Referencia04\": null,\r\n    \"CodigoError\": null,\r\n    \"MensajeError\": null,\r\n    \"UsuarioAgente\": \"null\",\r\n    \"DireccionIp\": \"null\",\r\n    \"EsTarjetaCredito\": null,\r\n    \"DocumentoLista\": [\r\n        {\r\n            \"IdEmpresa\": \"DiabonosPrueba\",\r\n            \"ProveedorPagos\": \"Wompi\",\r\n            \"IdDocumento\": \"FEQ83x\",\r\n            \"TipoDocumento\": \"facturacredito\",\r\n            \"ValorTotal\": 228256.0,\r\n            \"ValorIva\": null,\r\n            \"NumeroCuota\": null,\r\n            \"ValorCuota\": null,\r\n            \"ValorPagadoCuota\": null,\r\n            \"ValorPagadoDocumento\": 228256.0\r\n        }\r\n    ],\r\n    \"PagoInfoAdicional\": null\r\n}",
							"options": {
								"raw": {
									"language": "json"
								}
							}
						},
						"url": {
							"raw": "http://numrot3.net:8081/api/numrotpagos/iniciarprocesopago",
							"protocol": "http",
							"host": [
								"numrot3",
								"net"
							],
							"port": "8081",
							"path": [
								"api",
								"numrotpagos",
								"iniciarprocesopago"
							]
						},
						"description": "A este endpoint podrá enviar la información de una nueva transación para iniciar un pago."
					},
					"response": []
				},
				{
					"name": "Obtener estados de pagos Copy",
					"request": {
						"auth": {
							"type": "bearer",
							"bearer": [
								{
									"key": "token",
									"value": "eyJhbGciOiJIUzI1NiIsInR5cCI6IkpXVCJ9.eyJ1bmlxdWVfbmFtZSI6IkRpYWJvbm9zUHJ1ZWJhIiwicm9sZSI6IkNsaWVudGUiLCJuYmYiOjE3MjQ4NzI3MjQsImV4cCI6MTcyNDg3NjMyNCwiaWF0IjoxNzI0ODcyNzI0LCJpc3MiOiJOclBhZ29zIiwiYXVkIjoiTnJQYWdvc0NsaWVudGVzIn0.u9Y3bYeXk8HPY41rSfW8IxGmKSO06ezRZoeG4xSPqFo",
									"type": "string"
								}
							]
						},
						"method": "POST",
						"header": [],
						"body": {
							"mode": "raw",
							"raw": "[\r\n    {\r\n        \"IdEmpresa\": \"DiabonosPrueba\",\r\n        \"IdDocumento\": \"2FE60009\",\r\n        \"TipoDocumento\": \"facturadeventa\"\r\n    },\r\n    {\r\n        \"IdEmpresa\": \"DiabonosPrueba\",\r\n        \"IdDocumento\": \"2FE60012\",\r\n        \"TipoDocumento\": \"facturadeventa\"\r\n    },\r\n    {\r\n        \"IdEmpresa\": \"DiabonosPrueba\",\r\n        \"IdDocumento\": \"5FE21356\",\r\n        \"TipoDocumento\": \"facturadeventa\"\r\n    }\r\n]",
							"options": {
								"raw": {
									"language": "json"
								}
							}
						},
						"url": {
							"raw": "http://numrot3.net:8081/api/numrotpagos/consultarestados/DiabonosPrueba",
							"protocol": "http",
							"host": [
								"numrot3",
								"net"
							],
							"port": "8081",
							"path": [
								"api",
								"numrotpagos",
								"consultarestados",
								"DiabonosPrueba"
							]
						}
					},
					"response": []
				}
			],
			"description": "Este es un ambiente con datos y aplicaciones de prueba configurado para que pueda explorar los recursos expuestos y testear su integración."
		}
	]
}